Abolfazl,Rezaie,abolfazl_rezaiee,106056586,fa
M,,Adsex342,5301514791,en
pezhi,,pezhi_kn,281704709,en
pezhi,,pezhi_kn,281704709,en
Abolfazl,Rezaie,abolfazl_rezaiee,106056586,fa
FM,,F19M95,330595410,en
FM,,F19M95,330595410,en
Mehdi,Falah,mahdifab,6797821319,en
Abolfazl,Rezaie,abolfazl_rezaiee,106056586,fa
Zahra,💙💙💙,,91944363,de
Sara,Golafshani,sara_golafshani,7469291969,en
Lili,A,IamLiLiIAm,56513836,en
AF67,,amirf67125,100808576,en
Masi,Haarstudio,,136436487,de
M.F❤,,Fasahati7472,7353039650,fa
ZINA,,Zinaa85,7702312601,fa
Goli,,,146743924,en
Farzaneh,,Farzanehmhzz,91805248,en
Aghdas haghighat,,,102214863,fa
leila,b,,688773544,en
Banafsheh,,banafsheh_ma,96659736,en
Yasmina,,yas8mina,5170542517,en
ARASH,,Awrashi,61125995,en
Nick,,Nickki20,7336953958,en
Ghazalehh,Mstff,Ghazalehhmstff,94129461,en
Davood,,davoodshafiee003,7404930863,fa
Ali,,alireza991400,1818072098,en
A,A,Allef_aaa,165575702,en
FA,,FA4750,102171477,en
Hossein,Khodaei,,5957192979,fa
مهاجر,,parvaaaaaz,7712811075,en
Parni,,beyk_1224,7061601587,en
@@,,Absraki,703641024,en
Awmir spy,,Awmir_spy,959948746,en
Nel,,,796550378,en
Noosh,,Nooshii20,7008254109,en
米娜,,minan96,253680988,en
Hani,,hanibayat63,53001234,en
𝑴𝒂𝒓𝒚𝒂𝒎,,ABBASI_MARYAM7404,7377020945,fa
Sasan,,sasanfl,96718039,en
😊,,baaahaarrrr,635461089,fa
🐾Arman,,Arman3298,106272831,fa
Amirhossein,,Amirhosseinjnmi,266809220,en
Maja✨🤍,,callmemaja,6995498430,de
sahar,,sasa_hdyt,230264748,en
F.m,,fer_meh,1031874648,en
Schmetterling,,,7406525357,de
Hmd,,hamedshishegar,778071725,en
Nafiseh,,Nafiseh_aghaei,74610266,en
Hirsa,,hirsa123321,111396705,en
NoorAdiban,,Nooradiban,1543381131,en
تبلیغات,,Tablliaht,6916248216,fa
Amir,A,amirsh260,5575833058,en
Kheradmand,,Farzaneh_fkh,311700446,en
𝔖𝔥𝔞𝔥𝔯𝔲𝔷,,tureca,5801142050,fa
Hadi,Bardan,Hadibardan,84783179,en
Prana bakery,,N66ed,6993753367,en
Zeinab,,Zeinab_2015,101876134,en
Reza,,REZANB2022,6043147096,en
•• Ryan ••,,RyanA8s,5393710588,en
AfsanE,,A_R1393,93145016,en
negin,rahdar,neginrahdar,75138589,en
Hamed,Khoshroo,hamedkhoshroo,97599323,en
M.A,,Marmar020,132153282,fa
Maryam,Jafarian,maryamjafarianalvar,6373193295,en
Green,Ulia,,7884028589,en2024/12/27,20:28,Abolfazl,Rezaie,106056586,abolfazl_rezaiee,fa
2024/12/27,20:28,Abolfazl,Rezaie,106056586,abolfazl_rezaiee,fa
2024/12/30,14:17,Abolfazl,Rezaie,106056586,abolfazl_rezaiee,en
2024/12/30,14:17,Abolfazl,Rezaie,106056586,abolfazl_rezaiee,en
2024/12/30,14:17,Abolfazl,Rezaie,106056586,abolfazl_rezaiee,en
2024/12/30,14:17,Abolfazl,Rezaie,106056586,abolfazl_rezaiee,en
2024/12/30,14:17,Abolfazl,Rezaie,106056586,abolfazl_rezaiee,en
2025/01/03,09:58,S,,282401549,,en
2025/01/03,09:58,S,,282401549,,lastsecondbutt
2025/01/03,09:58,S,,282401549,,exchangerate
2025/01/03,10:01,S,,282401549,,flight_position
2025/01/03,17:03,Abolfazl,Rezaie,106056586,abolfazl_rezaiee,en
2025/01/03,17:03,Abolfazl,Rezaie,106056586,abolfazl_rezaiee,en
2025/01/03,17:03,Abolfazl,Rezaie,106056586,abolfazl_rezaiee,flight_position
2025/01/03,17:03,Abolfazl,Rezaie,106056586,abolfazl_rezaiee,lastsecondbutt
2025/01/03,17:04,Abolfazl,Rezaie,106056586,abolfazl_rezaiee,en
2025/01/03,17:04,Abolfazl,Rezaie,106056586,abolfazl_rezaiee,lastsecondbutt
2025/01/03,17:04,Abolfazl,Rezaie,106056586,abolfazl_rezaiee,onlineticket
2025/01/03,17:39,Kia,H,7318972973,Good_kido,en
2025/01/03,17:43,Kia,H,7318972973,Good_kido,onlineticket
2025/01/03,17:43,Kia,H,7318972973,Good_kido,country
2025/01/03,19:47,Hamid SH,,1369594116,HSHahpari,fa
2025/01/04,23:05,Nahid,,56736674,Nahidjeb,en
2025/01/04,23:06,Nahid,,56736674,Nahidjeb,lastsecondbutt
2025/01/04,23:06,Nahid,,56736674,Nahidjeb,onlineticket
2025/01/04,23:06,Nahid,,56736674,Nahidjeb,en
2025/01/04,23:06,Nahid,,56736674,Nahidjeb,onlineticket
2025/01/04,23:07,Nahid,,56736674,Nahidjeb,en
2025/01/04,23:07,Nahid,,56736674,Nahidjeb,wikibutton
2025/01/04,23:09,Nahid,,56736674,Nahidjeb,lastsecondbutt
2025/01/04,23:10,Nahid,,56736674,Nahidjeb,en
2025/01/04,23:11,Nahid,,56736674,Nahidjeb,currency_payment
2025/01/04,23:11,Nahid,,56736674,Nahidjeb,en
2025/01/04,23:12,Nahid,,56736674,Nahidjeb,wikibutton
2025/01/05,10:44,Sogand,,5521360687,ssoganda,en
2025/01/05,14:43,erfan_9ii,,748155119,Erfan_9ii,fa
2025/01/05,14:43,erfan_9ii,,748155119,Erfan_9ii,country
2025/01/05,14:44,erfan_9ii,,748155119,Erfan_9ii,currency_payment
2025/01/05,14:45,erfan_9ii,,748155119,Erfan_9ii,exchangerate
2025/01/05,14:46,erfan_9ii,,748155119,Erfan_9ii,wikibutton
2025/01/05,16:32,Nahid,,56736674,Nahidjeb,en
2025/01/05,16:32,Nahid,,56736674,Nahidjeb,onlineticket
2025/01/05,16:32,Nahid,,56736674,Nahidjeb,en
2025/01/05,16:32,Nahid,,56736674,Nahidjeb,lastsecondbutt
2025/01/05,18:15,Abolfazl,Rezaie,106056586,abolfazl_rezaiee,fa
2025/01/05,18:16,Abolfazl,Rezaie,106056586,abolfazl_rezaiee,fa
2025/01/05,22:32,Nahid,,56736674,Nahidjeb,en
2025/01/05,22:32,Nahid,,56736674,Nahidjeb,lastsecondbutt
2025/01/05,22:33,Nahid,,56736674,Nahidjeb,en
2025/01/05,22:33,Nahid,,56736674,Nahidjeb,lastsecondbutt
2025/01/06,00:57,Abolfazl,Rezaie,106056586,abolfazl_rezaiee,en
2025/01/06,00:57,Abolfazl,Rezaie,106056586,abolfazl_rezaiee,country
2025/01/06,01:29,Z.t,,324756788,,en
2025/01/06,01:29,Z.t,,324756788,,lastsecondbutt
2025/01/06,01:31,Z.t,,324756788,,country
2025/01/08,08:12,Abolfazl,Rezaie,106056586,abolfazl_rezaiee,en
2025/01/08,21:18,Behzad,,92359194,behzad_bhr,en
2025/01/08,21:18,Behzad,,92359194,behzad_bhr,lastsecondbutt
2025/01/09,15:52,Valleh,,107575759,Vallehs6078,en
2025/01/09,15:52,Valleh,,107575759,Vallehs6078,onlineticket
2025/01/09,15:55,Valleh,,107575759,Vallehs6078,en
2025/01/09,15:55,Valleh,,107575759,Vallehs6078,lastsecondbutt
2025/01/09,16:14,Alireza,,254022432,,en
2025/01/09,16:14,Alireza,,254022432,,exchangerate
2025/01/09,16:14,Alireza,,254022432,,en
2025/01/09,16:14,Alireza,,254022432,,onlineticket
2025/01/10,04:09,Ash,Kan,5802713769,Ashk_Rj,en
2025/01/10,04:09,Ash,Kan,5802713769,Ashk_Rj,lastsecondbutt
2025/01/10,04:13,Ash,Kan,5802713769,Ashk_Rj,onlineticket
2025/01/10,04:16,Ash,Kan,5802713769,Ashk_Rj,onlineticket
2025/01/10,04:18,Ash,Kan,5802713769,Ashk_Rj,lastsecondbutt
2025/01/12,22:34,Bahar 👩‍💻,rostaminejad,1485409432,vlansupport,fa
2025/01/12,22:34,Bahar 👩‍💻,rostaminejad,1485409432,vlansupport,fa
2025/01/13,00:08,Abolfazl,Rezaie,106056586,abolfazl_rezaiee,en
2025/01/13,10:18,Sky,,703780519,Persiancarpet021,en
2025/01/13,21:04,Sana,Abdal,5304918999,,en
2025/01/13,21:04,Sana,Abdal,5304918999,,onlineticket
2025/01/15,19:35,Bahar 👩‍💻,rostaminejad,1485409432,vlansupport,wikibutton
2025/01/15,19:35,Bahar 👩‍💻,rostaminejad,1485409432,vlansupport,forbiddenflightrules
2025/01/15,19:35,Bahar 👩‍💻,rostaminejad,1485409432,vlansupport,forbiddenflightrules
2025/01/16,00:27,Ash,Kan,5802713769,Ashk_Rj,lastsecondbutt
2025/01/16,03:06,Foroogh,Zaman,80154354,Foroogh_zaman_68,en
2025/01/16,03:06,Foroogh,Zaman,80154354,Foroogh_zaman_68,choose_airport
2025/01/16,03:06,Foroogh,Zaman,80154354,Foroogh_zaman_68,back_btn
2025/01/16,14:43,Saeid,bgd,100208753,Saeidbgd,en
2025/01/17,17:58,Abolfazl,Rezaie,106056586,abolfazl_rezaiee,fa
2025/01/17,17:58,Abolfazl,Rezaie,106056586,abolfazl_rezaiee,wikibutton
2025/01/17,19:42,Farzad,Azad,949574674,Farzad_Azad2,fa
2025/01/17,19:42,Farzad,Azad,949574674,Farzad_Azad2,flight_position
2025/01/17,19:42,Farzad,Azad,949574674,Farzad_Azad2,country
2025/01/22,09:26,Ash,Kan,5802713769,Ashk_Rj,en
2025/01/22,09:27,Ash,Kan,5802713769,Ashk_Rj,onlineticket
2025/01/22,09:28,Ash,Kan,5802713769,Ashk_Rj,en
2025/01/22,09:28,Ash,Kan,5802713769,Ashk_Rj,lastsecondbutt
2025/01/22,09:29,Ash,Kan,5802713769,Ashk_Rj,en
2025/01/22,09:29,Ash,Kan,5802713769,Ashk_Rj,lastsecondbutt
2025/01/24,20:55,Samira,Gh,368463627,SamiraGhalami,en
2025/01/24,20:55,Samira,Gh,368463627,SamiraGhalami,en
2025/01/24,20:55,N&H,,7458675992,Nad_hamedy,en
2025/01/24,20:55,N&H,,7458675992,Nad_hamedy,en
2025/01/24,20:55,Abolfazl,Rezaie,106056586,abolfazl_rezaiee,fa
2025/01/24,20:55,Abolfazl,Rezaie,106056586,abolfazl_rezaiee,exchangerate
2025/01/24,20:55,Abolfazl,Rezaie,106056586,abolfazl_rezaiee,fa
2025/01/24,20:55,Abolfazl,Rezaie,106056586,abolfazl_rezaiee,onlineticket
2025/01/24,21:08,Abolfazl,Rezaie,106056586,abolfazl_rezaiee,en
2025/01/25,19:20,Abolfazl,Rezaie,106056586,abolfazl_rezaiee,fa
2025/01/25,23:22,Abolfazl,Rezaie,106056586,abolfazl_rezaiee,en
2025/01/26,01:55,فرحناز,,7522009881,kfc00,fa
2025/01/28,10:10,Bahar 👩‍💻,rostaminejad,1485409432,vlansupport,en
2025/01/28,12:09,Farhad,,506010518,FarhadMohammadi95,en
2025/01/28,12:10,Farhad,,506010518,FarhadMohammadi95,onlineticket
2025/01/28,12:10,Farhad,,506010518,FarhadMohammadi95,lastsecondbutt
2025/01/28,12:11,Farhad,,506010518,FarhadMohammadi95,lastsecondbutt
2025/01/28,15:20,masoud,,1774836478,moloomari,en
2025/01/28,15:20,masoud,,1774836478,moloomari,onlineticket
2025/01/28,15:21,masoud,,1774836478,moloomari,lastsecondbutt
2025/01/28,15:21,masoud,,1774836478,moloomari,en
2025/01/28,15:21,masoud,,1774836478,moloomari,lastsecondbutt
2025/01/28,15:23,masoud,,1774836478,moloomari,onlineticket
2025/02/02,20:51,FIX,,5765446049,poosfix,en
2025/02/02,20:51,FIX,,5765446049,poosfix,onlineticket
2025/02/04,00:17,MR,Kh,261277520,frankfurtdeutschland,en
2025/02/04,00:29,MR,Kh,261277520,frankfurtdeutschland,onlineticket
2025/02/04,00:30,MR,Kh,261277520,frankfurtdeutschland,flight_position
2025/02/04,05:20,Pari,,6250580836,parnianghvnlu,en
2025/02/04,06:40,Pari,,6250580836,parnianghvnlu,exchangerate
2025/02/04,09:23,RGHSH,,107067987,RGHSH,en
2025/02/05,21:51,Abolfazl,Rezaie,106056586,abolfazl_rezaiee,en
2025/02/06,07:10,Sanaz,,5752403561,snziiiii985,en
2025/02/06,07:10,Sanaz,,5752403561,snziiiii985,lastsecondbutt
2025/02/06,07:15,Sanaz,,5752403561,snziiiii985,onlineticket
2025/02/07,18:40,Abolfazl,Rezaie,106056586,abolfazl_rezaiee,en
2025/02/07,18:40,Abolfazl,Rezaie,106056586,abolfazl_rezaiee,en
2025/02/07,18:40,امیرمحمد,,616764690,Amirasgarinezhad,en
2025/02/08,14:12,M∆TT,,479327918,MadMati,en
2025/02/08,14:12,M∆TT,,479327918,MadMati,onlineticket
2025/02/08,14:19,M∆TT,,479327918,MadMati,en
2025/02/08,14:19,M∆TT,,479327918,MadMati,lastsecondbutt
2025/02/08,14:21,M∆TT,,479327918,MadMati,aboutus
2025/02/11,12:47,MAHDI,,89076448,BEBEKSAHILI,fa
2025/02/11,22:14,Abolfazl,Rezaie,106056586,abolfazl_rezaiee,fa
2025/02/11,22:16,Abolfazl,Rezaie,106056586,abolfazl_rezaiee,onlineticket
2025/02/12,07:43,Sara,,7469291969,sara_golafshani,back_btn
2025/02/12,07:43,Sara,,7469291969,sara_golafshani,exchangerate
2025/02/12,15:59,Sara,,7469291969,sara_golafshani,back_btn
2025/02/12,15:59,Sara,,7469291969,sara_golafshani,exchangerate
2025/02/15,00:53,Hasan,Qasemi,695494143,HasanQasemi11,de
2025/02/17,20:37,Sara,,7469291969,sara_golafshani,en
2025/02/17,20:37,Sara,,7469291969,sara_golafshani,exchangerate
2025/02/17,20:37,Sara,,7469291969,sara_golafshani,exchangerate
2025/02/18,12:35,Fresh,Karamel,7234789169,freshkaramel,en
2025/02/18,12:35,Fresh,Karamel,7234789169,freshkaramel,aboutus
2025/02/18,17:05,Mohamad.pormand,,569041277,mohamadtj777,fa
2025/02/18,17:05,Mohamad.pormand,,569041277,mohamadtj777,lastsecondbutt
2025/02/22,15:19,Sara,,7469291969,sara_golafshani,en
2025/02/22,15:19,Sara,,7469291969,sara_golafshani,exchangerate
2025/02/22,23:05,Amir H,Rostami,111117593,OredbirdO,en
2025/02/23,17:24,Somayeh,,87099271,SomyB81,en
2025/02/25,07:38,Shahnaz,Sameni,68970921,shahnazsameni,fa
2025/02/27,16:25,aida,A,98087389,Aida_v,en
2025/02/27,16:25,aida,A,98087389,Aida_v,onlineticket
2025/02/27,16:25,aida,A,98087389,Aida_v,lastsecondbutt
2025/02/27,16:28,aida,A,98087389,Aida_v,lastsecondbutt
2025/02/28,04:45,@li,,248893210,aallii_pour,en
2025/02/28,04:46,@li,,248893210,aallii_pour,lastsecondbutt
2025/02/28,04:46,@li,,248893210,aallii_pour,onlineticket
2025/02/28,09:10,Sheri🪽,,7230750792,sheriasgari,en
2025/02/28,09:10,Sheri🪽,,7230750792,sheriasgari,aboutus
2025/02/28,12:55,@li,,248893210,aallii_pour,en
2025/02/28,12:55,@li,,248893210,aallii_pour,onlineticket
2025/02/28,12:55,@li,,248893210,aallii_pour,onlineticket
2025/02/28,12:55,@li,,248893210,aallii_pour,onlineticket
2025/02/28,12:55,@li,,248893210,aallii_pour,onlineticket
2025/02/28,18:49,Fatemeh,,78460502,ftm_ftv,en
2025/02/28,18:49,Fatemeh,,78460502,ftm_ftv,choose_airport
2025/02/28,18:49,Fatemeh,,78460502,ftm_ftv,airport_FRA
2025/02/28,18:50,Fatemeh,,78460502,ftm_ftv,airport_IKA
2025/02/28,18:50,Fatemeh,,78460502,ftm_ftv,lastsecondbutt
2025/03/02,02:43,@li,,248893210,aallii_pour,en
2025/03/02,02:43,@li,,248893210,aallii_pour,lastsecondbutt
2025/03/02,02:43,@li,,248893210,aallii_pour,onlineticket
2025/03/04,00:56,Mariya,,7377020945,ABC_MARIYA7404,visaguide
2025/03/04,00:56,Mariya,,7377020945,ABC_MARIYA7404,visaguide
2025/03/05,09:07,Sadegh,,205364111,Sad654321,en
2025/03/05,09:07,Sadegh,,205364111,Sad654321,lastsecondbutt
2025/03/06,10:32,Abolfazl,Rezaie,106056586,abolfazl_rezaiee,fa
2025/03/06,11:15,Kimiaw/🎈,,71507788,Kimia_mir,en
2025/03/06,11:15,Kimiaw/🎈,,71507788,Kimia_mir,lastsecondbutt
2025/03/06,12:09,Mehdi,,625751848,Meitsam72,en
2025/03/06,15:01,sepideh,,45233015,sepidehketab,en
2025/03/07,10:46,Mohamadreza,,835469281,Mohamadrezaoruji,en
2025/03/07,10:47,Mohamadreza,,835469281,Mohamadrezaoruji,onlineticket
2025/03/07,10:47,Mohamadreza,,835469281,Mohamadrezaoruji,lastsecondbutt
2025/03/07,10:48,Mohamadreza,,835469281,Mohamadrezaoruji,exchangerate
2025/03/08,11:36,T .I,,208969166,Innerlightjewel,en
2025/03/08,11:36,T .I,,208969166,Innerlightjewel,lastsecondbutt
2025/03/08,15:17,T .I,,208969166,Innerlightjewel,en
2025/03/08,15:17,T .I,,208969166,Innerlightjewel,lastsecondbutt
2025/03/08,15:18,T .I,,208969166,Innerlightjewel,onlineticket
2025/03/09,09:51,Gold,wing,1456737038,GoldWiiing,en
2025/03/09,09:51,Gold,wing,1456737038,GoldWiiing,onlineticket
2025/03/09,09:53,Gold,wing,1456737038,GoldWiiing,flight_position
2025/03/09,09:53,Gold,wing,1456737038,GoldWiiing,lastsecondbutt
2025/03/09,19:46,aida,A,98087389,Aida_v,en
2025/03/09,19:46,aida,A,98087389,Aida_v,lastsecondbutt
2025/03/10,02:25,Danial,,1038493951,Da15mo,en
2025/03/10,02:25,Danial,,1038493951,Da15mo,onlineticket
2025/03/10,02:26,Danial,,1038493951,Da15mo,lastsecondbutt
2025/03/10,02:26,Danial,,1038493951,Da15mo,lastsecondbutt
2025/03/10,16:28,Gold,wing,1456737038,GoldWiiing,lastsecondbutt
2025/03/11,01:58,Mosleh,,5766811661,Kamosleh1515,en
2025/03/11,01:58,Mosleh,,5766811661,Kamosleh1515,onlineticket
2025/03/11,02:00,Mosleh,,5766811661,Kamosleh1515,exchangerate
2025/03/11,02:00,Mosleh,,5766811661,Kamosleh1515,en
2025/03/11,02:00,Mosleh,,5766811661,Kamosleh1515,lastsecondbutt
2025/03/11,22:18,sahar,,92927949,s_r2364,en
2025/03/12,00:12,sanaz,Parizad,703799144,sanazparizad91,en
2025/03/12,00:13,sanaz,Parizad,703799144,sanazparizad91,lastsecondbutt
2025/03/13,10:55,Sara,,7469291969,sara_golafshani,en
2025/03/13,10:55,Sara,,7469291969,sara_golafshani,onlineticket
2025/03/14,17:17,HMD,,431059680,hmdartworks1990,en
2025/03/14,17:17,HMD,,431059680,hmdartworks1990,onlineticket
2025/03/14,17:18,HMD,,431059680,hmdartworks1990,country
2025/03/14,17:18,HMD,,431059680,hmdartworks1990,lastsecondbutt
2025/03/15,10:36,Kian,,156436602,SALA1980,de
2025/03/18,19:16,Helma,Tabatabei,8061991178,helmas260,en
2025/03/18,19:19,Helma,Tabatabei,8061991178,helmas260,onlineticket
2025/03/18,19:19,Helma,Tabatabei,8061991178,helmas260,onlineticket
2025/03/18,19:19,Helma,Tabatabei,8061991178,helmas260,choose_airport
2025/03/18,19:19,Helma,Tabatabei,8061991178,helmas260,airport_CDG
2025/03/18,19:19,Helma,Tabatabei,8061991178,helmas260,back_btn
2025/03/18,19:19,Helma,Tabatabei,8061991178,helmas260,lastsecondbutt
2025/03/18,19:19,Helma,Tabatabei,8061991178,helmas260,country
2025/03/18,19:20,Helma,Tabatabei,8061991178,helmas260,exchangerate
2025/03/19,17:10,Mahdi,Ghafari,362274024,PalmoCEO,en
2025/03/19,17:10,Mahdi,Ghafari,362274024,PalmoCEO,lastsecondbutt
2025/03/19,21:00,Helma,Tabatabei,8061991178,helmas260,en
2025/03/19,21:00,Helma,Tabatabei,8061991178,helmas260,exchangerate
2025/03/20,17:59,Abolfazl,Rezaie,106056586,abolfazl_rezaiee,exchangerate
2025/03/20,22:18,Abolfazl,Rezaie,106056586,abolfazl_rezaiee,fa
2025/03/20,22:18,Abolfazl,Rezaie,106056586,abolfazl_rezaiee,set_lang_en
2025/03/20,22:18,Abolfazl,Rezaie,106056586,abolfazl_rezaiee,fa
2025/03/20,22:18,Abolfazl,Rezaie,106056586,abolfazl_rezaiee,country
2025/03/20,22:18,Abolfazl,Rezaie,106056586,abolfazl_rezaiee,back_btn
2025/03/20,22:18,Abolfazl,Rezaie,106056586,abolfazl_rezaiee,currency_payment
2025/03/20,22:18,Abolfazl,Rezaie,106056586,abolfazl_rezaiee,fa
2025/03/20,22:19,Abolfazl,Rezaie,106056586,abolfazl_rezaiee,wikibutton
2025/03/20,22:19,Abolfazl,Rezaie,106056586,abolfazl_rezaiee,forbiddenflightrules
2025/03/20,22:19,Abolfazl,Rezaie,106056586,abolfazl_rezaiee,back_btn
2025/03/20,22:19,Abolfazl,Rezaie,106056586,abolfazl_rezaiee,lastsecondbutt
2025/03/20,22:35,Abolfazl,Rezaie,106056586,abolfazl_rezaiee,fa
2025/03/20,22:35,Abolfazl,Rezaie,106056586,abolfazl_rezaiee,exchangerate
2025/03/20,22:36,Abolfazl,Rezaie,106056586,abolfazl_rezaiee,fa
2025/03/20,22:36,Abolfazl,Rezaie,106056586,abolfazl_rezaiee,set_lang_fa
2025/03/20,22:36,Abolfazl,Rezaie,106056586,abolfazl_rezaiee,exchangerate
2025/03/20,22:47,Abolfazl,Rezaie,106056586,abolfazl_rezaiee,exchangerate
2025/03/20,22:59,Abolfazl,Rezaie,106056586,abolfazl_rezaiee,exchangerate
2025/03/20,23:00,Abolfazl,Rezaie,106056586,abolfazl_rezaiee,fa
2025/03/20,23:04,Abolfazl,Rezaie,106056586,abolfazl_rezaiee,fa
2025/03/20,23:04,Abolfazl,Rezaie,106056586,abolfazl_rezaiee,fa
2025/03/20,23:04,Abolfazl,Rezaie,106056586,abolfazl_rezaiee,exchangerate
2025/03/20,23:08,Abolfazl,Rezaie,106056586,abolfazl_rezaiee,fa
2025/03/20,23:08,Abolfazl,Rezaie,106056586,abolfazl_rezaiee,exchangerate
2025/03/20,23:24,Abolfazl,Rezaie,106056586,abolfazl_rezaiee,fa
2025/03/20,23:24,Abolfazl,Rezaie,106056586,abolfazl_rezaiee,exchangerate
2025/03/20,23:25,Abolfazl,Rezaie,106056586,abolfazl_rezaiee,fa
2025/03/20,23:26,Abolfazl,Rezaie,106056586,abolfazl_rezaiee,exchangerate
2025/03/20,23:42,Abolfazl,Rezaie,106056586,abolfazl_rezaiee,fa
2025/03/20,23:42,Abolfazl,Rezaie,106056586,abolfazl_rezaiee,exchangerate
2025/03/20,23:42,Abolfazl,Rezaie,106056586,abolfazl_rezaiee,exchangerate
2025/03/20,23:42,Abolfazl,Rezaie,106056586,abolfazl_rezaiee,wikibutton
2025/03/20,23:42,Abolfazl,Rezaie,106056586,abolfazl_rezaiee,back_btn
2025/03/20,23:42,Abolfazl,Rezaie,106056586,abolfazl_rezaiee,exchangerate
2025/03/20,23:47,Abolfazl,Rezaie,106056586,abolfazl_rezaiee,fa
2025/03/20,23:47,Abolfazl,Rezaie,106056586,abolfazl_rezaiee,exchangerate
2025/03/20,23:47,Abolfazl,Rezaie,106056586,abolfazl_rezaiee,exchangerate
2025/03/20,23:47,Abolfazl,Rezaie,106056586,abolfazl_rezaiee,exchangerate
2025/03/20,23:55,Abolfazl,Rezaie,106056586,abolfazl_rezaiee,fa
2025/03/20,23:55,Abolfazl,Rezaie,106056586,abolfazl_rezaiee,exchangerate
2025/03/21,08:56,Bahar 👩‍💻,rostaminejad,1485409432,vlansupport,en
2025/03/21,08:56,Bahar 👩‍💻,rostaminejad,1485409432,vlansupport,exchangerate
2025/03/21,10:26,Bahar 👩‍💻,rostaminejad,1485409432,vlansupport,en
2025/03/21,10:26,Bahar 👩‍💻,rostaminejad,1485409432,vlansupport,en
2025/03/21,10:26,Bahar 👩‍💻,rostaminejad,1485409432,vlansupport,exchangerate
2025/03/21,10:26,Bahar 👩‍💻,rostaminejad,1485409432,vlansupport,en
2025/03/21,14:26,Abolfazl,Rezaie,106056586,abolfazl_rezaiee,fa
2025/03/21,14:26,Abolfazl,Rezaie,106056586,abolfazl_rezaiee,exchangerate
2025/03/21,14:29,Abolfazl,Rezaie,106056586,abolfazl_rezaiee,fa
2025/03/21,14:29,Abolfazl,Rezaie,106056586,abolfazl_rezaiee,fa
2025/03/21,14:29,Abolfazl,Rezaie,106056586,abolfazl_rezaiee,fa
2025/03/21,14:29,Abolfazl,Rezaie,106056586,abolfazl_rezaiee,exchangerate
2025/03/21,23:36,Abolfazl,Rezaie,106056586,abolfazl_rezaiee,en
2025/03/21,23:36,Abolfazl,Rezaie,106056586,abolfazl_rezaiee,set_lang_fa
2025/03/21,23:36,Abolfazl,Rezaie,106056586,abolfazl_rezaiee,exchangerate
2025/03/22,12:28,shima,etezadi,1053287307,shimaetezadi,it
2025/03/22,22:55,Para,,84746889,Paaraa_order,en
2025/03/22,22:56,Para,,84746889,Paaraa_order,en
2025/03/24,11:20,Helma,Tabatabei,8061991178,helmas260,en
2025/03/24,11:20,Helma,Tabatabei,8061991178,helmas260,aboutus
2025/03/24,11:20,Helma,Tabatabei,8061991178,helmas260,flight_position
2025/03/24,11:21,Helma,Tabatabei,8061991178,helmas260,set_lang_ar
2025/03/24,11:21,Helma,Tabatabei,8061991178,helmas260,aboutus
2025/03/24,11:21,Helma,Tabatabei,8061991178,helmas260,en
2025/03/24,22:37,Alia,Hosaini,5951338835,alia_hosaini,en
2025/03/25,17:16,Helma,Tabatabei,8061991178,helmas260,set_lang_fa
2025/03/25,17:16,Helma,Tabatabei,8061991178,helmas260,exchangerate
2025/03/25,19:29,𝕾𝖆𝖗𝖆𝖍,,287753386,SarahJvni,en
2025/03/25,19:30,𝕾𝖆𝖗𝖆𝖍,,287753386,SarahJvni,flight_position
2025/03/26,17:06,Rita,Rahmani,5888642994,Rita_rahmani,en
2025/03/26,17:06,Rita,Rahmani,5888642994,Rita_rahmani,flight_position
2025/03/27,01:51,Abolfazl,Rezaie,106056586,abolfazl_rezaiee,fa
2025/03/27,01:52,Abolfazl,Rezaie,106056586,abolfazl_rezaiee,exchangerate
2025/03/27,01:56,Abolfazl,Rezaie,106056586,abolfazl_rezaiee,en
2025/03/27,01:56,Abolfazl,Rezaie,106056586,abolfazl_rezaiee,set_lang_fa
2025/03/27,01:56,Abolfazl,Rezaie,106056586,abolfazl_rezaiee,exchangerate
2025/03/27,02:10,Helma,Tabatabei,8061991178,helmas260,en
2025/03/27,02:10,Helma,Tabatabei,8061991178,helmas260,set_lang_fa
2025/03/27,11:07,Abolfazl,Rezaie,106056586,abolfazl_rezaiee,fa
2025/03/28,01:28,Helma,Tabatabei,8061991178,helmas260,flight_position
2025/03/28,01:28,Helma,Tabatabei,8061991178,helmas260,exchangerate
2025/03/28,15:06,Alireza,Davvari,243944184,alirezadavvari,en
2025/03/28,15:06,Abolfazl,Rezaie,106056586,abolfazl_rezaiee,back_btn
2025/03/28,15:06,Alireza,Davvari,243944184,alirezadavvari,lastsecondbutt
2025/03/28,15:06,Abolfazl,Rezaie,106056586,abolfazl_rezaiee,exchangerate
2025/03/28,17:21,Payeez42,,6338382939,,en
2025/03/28,17:22,Ali,,1818072098,alireza991400,en
2025/03/28,17:29,Naser Dashtbani....🚑.....🚒...🇩🇪,,288449245,scofield021,de
2025/03/28,17:29,Naser Dashtbani....🚑.....🚒...🇩🇪,,288449245,scofield021,choose_airport
2025/03/28,17:32,Naser Dashtbani....🚑.....🚒...🇩🇪,,288449245,scofield021,airport_IKA
2025/03/28,17:41,Fateme,Dastan Nariman,367263612,FatemeDastanNariman,en
2025/03/28,17:42,shima,etezadi,1053287307,shimaetezadi,it
2025/03/28,17:56,Armin farhad,Azami,213004031,arminazami12,de
2025/03/28,18:11,Raheleh,R,100483578,RR6718,fr
2025/03/28,18:11,Raheleh,R,100483578,RR6718,lastsecondbutt
2025/03/28,19:45,Armin farhad,Azami,213004031,arminazami12,choose_airport
2025/03/28,19:45,Armin farhad,Azami,213004031,arminazami12,airport_IKA
2025/03/28,19:45,Armin farhad,Azami,213004031,arminazami12,airport_IKA
2025/03/29,21:17,Abolfazl,Rezaie,106056586,abolfazl_rezaiee,fa
2025/03/29,21:17,Abolfazl,Rezaie,106056586,abolfazl_rezaiee,choose_airport
2025/03/29,21:29,Abolfazl,Rezaie,106056586,abolfazl_rezaiee,airport_AWZ
2025/03/29,21:29,Abolfazl,Rezaie,106056586,abolfazl_rezaiee,set_lang_en
2025/03/29,21:29,Abolfazl,Rezaie,106056586,abolfazl_rezaiee,wikibutton
2025/03/29,21:29,Abolfazl,Rezaie,106056586,abolfazl_rezaiee,forbiddenflightrules
2025/03/29,21:30,Abolfazl,Rezaie,106056586,abolfazl_rezaiee,back_btn
2025/03/29,21:30,Abolfazl,Rezaie,106056586,abolfazl_rezaiee,exchangerate
2025/03/29,21:30,Abolfazl,Rezaie,106056586,abolfazl_rezaiee,back_btn
2025/03/29,21:30,Abolfazl,Rezaie,106056586,abolfazl_rezaiee,lastsecondbutt
2025/03/29,22:00,Abolfazl,Rezaie,106056586,abolfazl_rezaiee,country
2025/03/29,22:56,Abolfazl,Rezaie,106056586,abolfazl_rezaiee,back_btn
2025/03/29,22:56,Abolfazl,Rezaie,106056586,abolfazl_rezaiee,set_lang_ar
2025/03/29,22:56,Abolfazl,Rezaie,106056586,abolfazl_rezaiee,lastsecondbutt
2025/03/29,22:56,Abolfazl,Rezaie,106056586,abolfazl_rezaiee,exchangerate
2025/03/31,14:20,mamreza,,73973360,mr_taghipour,en
2025/03/31,14:20,mamreza,,73973360,mr_taghipour,lastsecondbutt
2025/03/31,19:37,Abolfazl,Rezaie,106056586,abolfazl_rezaiee,en
2025/03/31,19:37,Abolfazl,Rezaie,106056586,abolfazl_rezaiee,set_lang_fa
2025/03/31,20:12,Abolfazl,Rezaie,106056586,abolfazl_rezaiee,en
2025/03/31,20:29,Abolfazl,Rezaie,106056586,abolfazl_rezaiee,en
2025/03/31,22:48,Sara,,7469291969,sara_golafshani,en
2025/04/02,15:00,Mehdi Rad,,1753849219,mehdirad67,nl
2025/04/02,20:54,Sogand,Zarei,67551832,Sogand_Lotus,en
2025/04/02,23:15,Eli,Dorostkar,7632092090,,en
2025/04/03,06:11,Mahsa,,93384429,,en
2025/04/03,06:12,Mahsa,,93384429,,aboutus
2025/04/03,06:12,Mahsa,,93384429,,flight_position
2025/04/03,06:12,Mahsa,,93384429,,flight_position
2025/04/03,07:36,Ghasem,Bagheri,6182528632,GHASEM_BAGHERI,fa
2025/04/03,07:36,Ghasem,Bagheri,6182528632,GHASEM_BAGHERI,lastsecondbutt
2025/04/03,17:06,Hesam,Pourebrahim,7604951941,,fa
2025/04/03,17:07,Hesam,Pourebrahim,7604951941,,wikibutton
2025/04/03,17:35,Afshar,,104133805,siminafsharteacher,en
2025/04/03,17:36,Ehsany,,117658013,Mehsaney,en
2025/04/03,23:29,Shakiba,,5998139306,Shakiba_shsh,en
2025/04/04,00:44,Mahtab,Mohamadi,101941918,mahtabmohamadii,en
2025/04/04,03:40,Amirhossein,Moafi,6738127920,amirhosseinmoafi04,en
2025/04/04,12:10,sh,,158610270,Sh60766,fa
2025/04/04,12:10,sh,,158610270,Sh60766,exchangerate
2025/04/05,06:14,Reza,Selkan,7055238545,Behybeh,en
2025/04/07,00:19,Danial,,1038493951,Da15mo,en
2025/04/07,07:54,student,student,6547207778,,en
2025/04/08,00:43,Ali,,278830440,aliabadi1998,en
2025/04/08,00:43,Ali,,278830440,aliabadi1998,set_lang_fa
2025/04/08,00:43,Ali,,278830440,aliabadi1998,currency_payment
2025/04/08,14:35,Danial,,1038493951,Da15mo,en
2025/04/08,14:36,Danial,,1038493951,Da15mo,flight_position
2025/04/09,18:46,hashem🐍,soltani (ID: 56710),111287099,Hasemsol,it
2025/04/09,18:46,hashem🐍,soltani (ID: 56710),111287099,Hasemsol,lastsecondbutt
2025/04/09,18:46,hashem🐍,soltani (ID: 56710),111287099,Hasemsol,aboutus
2025/04/09,18:51,hashem🐍,soltani (ID: 56710),111287099,Hasemsol,choose_airport
2025/04/09,18:52,hashem🐍,soltani (ID: 56710),111287099,Hasemsol,airport_THR
2025/04/10,03:39,Suzan,,1333249018,susanbaghi,en
2025/04/10,09:55,Abolfazl,Rezaie,106056586,abolfazl_rezaiee,fa
2025/04/10,09:55,Abolfazl,Rezaie,106056586,abolfazl_rezaiee,exchangerate
2025/04/10,23:46,Abolfazl,Rezaie,106056586,abolfazl_rezaiee,fa
2025/04/11,02:42,Kazem,Nayebi,5809215411,,de
2025/04/11,11:34,𝑻𝒐𝒙𝒊𝒄 𝒃𝒐𝒚🧪,,6704487011,alone21gr,en
2025/04/11,11:38,𝑻𝒐𝒙𝒊𝒄 𝒃𝒐𝒚🧪,,6704487011,alone21gr,exchangerate
2025/04/15,02:00,MehranTK🇨🇦,,245003813,mehraan_tk,en
2025/04/16,00:47,Cathy,Ebrahimi,131668895,Cathyjoon,fr
2025/04/16,18:33,Fujan,Tolooiyan,1632470724,fujant,de
2025/04/16,18:33,Fujan,Tolooiyan,1632470724,fujant,lastsecondbutt
2025/04/17,06:11,Helma,Tabatabei,8061991178,helmas260,en
2025/04/17,11:23,Sanaz,,244779923,saanaz05,en
2025/04/18,22:04,Dr Yaz,,6811296856,Dr_yazdanhn,en
2025/04/18,22:05,Dr Yaz,,6811296856,Dr_yazdanhn,choose_airport
2025/04/18,22:05,Dr Yaz,,6811296856,Dr_yazdanhn,country
2025/04/19,16:22,Paris👈🐊,,7352127533,Hamed1993jp,en
2025/04/19,17:17,Paris👈🐊,,7352127533,Hamed1993jp,choose_airport
2025/04/19,17:17,Paris👈🐊,,7352127533,Hamed1993jp,airport_IKA
2025/04/19,17:18,Paris👈🐊,,7352127533,Hamed1993jp,currency_payment
2025/04/19,17:18,Paris👈🐊,,7352127533,Hamed1993jp,currency_payment
2025/04/19,17:18,Paris👈🐊,,7352127533,Hamed1993jp,currency_payment
2025/04/19,17:18,Paris👈🐊,,7352127533,Hamed1993jp,country
2025/04/19,17:18,Paris👈🐊,,7352127533,Hamed1993jp,country
2025/04/19,17:19,Paris👈🐊,,7352127533,Hamed1993jp,wikibutton
2025/04/19,17:19,Paris👈🐊,,7352127533,Hamed1993jp,choose_airport
2025/04/19,22:53,Abolfazl,Rezaie,106056586,abolfazl_rezaiee,en
2025/04/19,22:53,Abolfazl,Rezaie,106056586,abolfazl_rezaiee,exchangerate
2025/04/21,19:01,"Shopping online&Amazon USA,Uk,Europ",خريد و ارسال كالا ازتمامى برندها و سايت هاى خارجى,1102102439,Shoponline_USA_Canada_uk_europe,en
2025/04/21,19:01,"Shopping online&Amazon USA,Uk,Europ",خريد و ارسال كالا ازتمامى برندها و سايت هاى خارجى,1102102439,Shoponline_USA_Canada_uk_europe,flight_position
2025/04/22,16:17,𝑴𝒐𝒉𝒂𝒎𝒎𝒂𝒅,🌓,1705469676,Mohammad_None,en
2025/04/25,11:46,Mehdi,,625751848,Meitsam72,currency_payment
2025/04/25,14:28,Esi.ab.,..,5439156505,Uk_far_btrd,fa
2025/04/25,14:29,Esi.ab.,..,5439156505,Uk_far_btrd,lastsecondbutt
2025/04/29,08:55,Ali,,7460640480,Alinaderi_08,en
2025/04/29,08:55,Ali,,7460640480,Alinaderi_08,country
2025/04/29,08:55,Ali,,7460640480,Alinaderi_08,back_btn
2025/04/29,22:19,world,,2060593844,worldmyname,en
2025/05/01,04:01,Ebrahim,,524065855,,de
2025/05/01,12:44,Abolfazl,Rezaie,106056586,abolfazl_rezaiee,fa
2025/05/01,12:53,Abolfazl,Rezaie,106056586,abolfazl_rezaiee,currency_payment
2025/05/01,12:53,Abolfazl,Rezaie,106056586,abolfazl_rezaiee,country
2025/05/01,12:53,Abolfazl,Rezaie,106056586,abolfazl_rezaiee,exchangerate
2025/05/01,15:38,Romina,Fpr,239646541,romina205754,en
2025/05/01,15:38,Romina,Fpr,239646541,romina205754,lastsecondbutt
2025/05/01,15:39,Romina,Fpr,239646541,romina205754,set_lang_fa
2025/05/01,15:40,Romina,Fpr,239646541,romina205754,exchangerate
2025/05/01,15:40,Romina,Fpr,239646541,romina205754,en
2025/05/01,15:40,Romina,Fpr,239646541,romina205754,lastsecondbutt
2025/05/02,14:15,Arshia,,68177550,Arshia_r_m,en
2025/05/05,18:20,Maz,,7757460769,Mazkhj,de
2025/05/05,22:57,Abolfazl,Rezaie,106056586,abolfazl_rezaiee,en
2025/05/05,22:57,Abolfazl,Rezaie,106056586,abolfazl_rezaiee,currency_payment
2025/05/05,22:57,Abolfazl,Rezaie,106056586,abolfazl_rezaiee,choose_airport
2025/05/05,22:58,Abolfazl,Rezaie,106056586,abolfazl_rezaiee,country
2025/05/05,22:58,Abolfazl,Rezaie,106056586,abolfazl_rezaiee,currency_payment
2025/05/05,22:58,Abolfazl,Rezaie,106056586,abolfazl_rezaiee,exchangerate
2025/05/06,06:43,Ali,Zargar,54183686,Alizargar115,en
2025/05/06,13:22,marzieh.samani,,298132144,,fa
2025/05/06,13:22,marzieh.samani,,298132144,,aboutus
2025/05/06,23:25,Farhad,,6332427325,farhad_7879,en
2025/05/06,23:39,Farhad,,6332427325,farhad_7879,exchangerate
2025/05/06,23:39,Farhad,,6332427325,farhad_7879,en
2025/05/08,10:16,Setareh,,6548354552,Shinistars,en
2025/05/08,23:03,delila,dgb,58788373,,en
2025/05/09,10:39,Amir,Gohari,692886962,Amirmgoharii,en
2025/05/09,10:39,Amir,Gohari,692886962,Amirmgoharii,aboutus
2025/05/14,11:21,Behnaz,Marzban,5067990235,mybeni,en
2025/05/14,11:22,Behnaz,Marzban,5067990235,mybeni,flight_position
2025/05/14,11:22,Behnaz,Marzban,5067990235,mybeni,lastsecondbutt
2025/05/17,01:19,Sarv,S,258208578,Sarv_123,en
2025/05/17,18:38,داود نژاد,,6924006968,davood_Uk,en
2025/05/19,16:30,Sara,,124094636,saraesmam,en
2025/05/19,19:15,Sara,,7469291969,sara_golafshani,en
2025/05/25,02:22,Elahe,,39371290,elahe71h,en
2025/05/25,05:09,Mahdi.,,321180787,timdss1983,en
2025/05/25,19:24,Haniyeh,ak,283556092,honeyha,en
2025/05/27,18:26,Sara,,7469291969,sara_golafshani,en
2025/05/31,07:39,Abolfazl,Rezaie,106056586,abolfazl_rezaiee,en
2025/05/31,07:40,Abolfazl,Rezaie,106056586,abolfazl_rezaiee,exchangerate
2025/06/04,17:54,Rozbeh,A&t,233046230,rozbeh3230,fa
2025/06/08,10:20,Roya,,81212459,royamamipor,en
2025/06/09,08:39,Sanaz,,244779923,saanaz05,en
2025/06/09,08:39,Sanaz,,244779923,saanaz05,currency_payment
2025/06/09,08:40,Sanaz,,244779923,saanaz05,exchangerate
2025/06/09,08:40,Sanaz,,244779923,saanaz05,lastsecondbutt
2025/06/10,10:49,Abolfazl,Rezaie,106056586,abolfazl_rezaiee,en
2025/06/10,10:49,Abolfazl,Rezaie,106056586,abolfazl_rezaiee,set_lang_fa
2025/06/10,10:49,Abolfazl,Rezaie,106056586,abolfazl_rezaiee,exchangerate
2025/06/10,10:50,Abolfazl,Rezaie,106056586,abolfazl_rezaiee,en
2025/06/10,10:50,Abolfazl,Rezaie,106056586,abolfazl_rezaiee,currency_payment
2025/06/10,10:50,Abolfazl,Rezaie,106056586,abolfazl_rezaiee,exchangerate
2025/07/03,14:02,Rasaaa,,108693801,RPMannn,en
2025/07/04,07:40,Bahar 👩‍💻,rostaminejad,1485409432,vlansupport,en
2025/07/04,15:05,Bahar 👩‍💻,rostaminejad,1485409432,vlansupport,en
2025/07/04,15:05,Bahar 👩‍💻,rostaminejad,1485409432,vlansupport,exchangerate
2025/07/04,15:53,Bahar 👩‍💻,rostaminejad,1485409432,vlansupport,fa
2025/07/04,15:53,Bahar 👩‍💻,rostaminejad,1485409432,vlansupport,exchangerate
2025/07/04,21:55,Bahar 👩‍💻,rostaminejad,1485409432,vlansupport,en
2025/07/04,21:56,Bahar 👩‍💻,rostaminejad,1485409432,vlansupport,exchangerate
2025/07/04,22:13,Abolfazl,Rezaie,106056586,abolfazl_rezaiee,fa
2025/07/04,22:43,Bahar 👩‍💻,rostaminejad,1485409432,vlansupport,fa
2025/07/04,22:44,Bahar 👩‍💻,rostaminejad,1485409432,vlansupport,flight_position
2025/07/04,22:44,Bahar 👩‍💻,rostaminejad,1485409432,vlansupport,lastsecondbutt
2025/07/04,22:44,Bahar 👩‍💻,rostaminejad,1485409432,vlansupport,country
2025/07/04,22:44,Bahar 👩‍💻,rostaminejad,1485409432,vlansupport,back_btn
2025/07/05,03:44,A S A L,,1958987362,assalsallami,en
2025/07/05,03:44,A S A L,,1958987362,assalsallami,set_lang_fa
2025/07/05,03:45,A S A L,,1958987362,assalsallami,flight_position
2025/07/05,03:45,A S A L,,1958987362,assalsallami,choose_airport
2025/07/05,03:46,A S A L,,1958987362,assalsallami,airport_DOH
2025/07/05,03:46,A S A L,,1958987362,assalsallami,airport_DOH
2025/07/05,03:46,A S A L,,1958987362,assalsallami,airport_DOH
2025/07/05,03:46,A S A L,,1958987362,assalsallami,exchangerate
2025/07/05,07:52,S,,70383574,sans124567,en
2025/07/05,07:53,S,,70383574,sans124567,choose_airport
2025/07/05,07:53,S,,70383574,sans124567,airport_IST
2025/07/05,07:53,S,,70383574,sans124567,airport_IKA
2025/07/05,07:53,S,,70383574,sans124567,airport_IKA
2025/07/05,22:29,Bahram,Habibi,6337748656,,en
2025/07/06,03:39,Minu,Ghaffari,1455538,ghaffarirafie,en
2025/07/06,03:46,Minu,Ghaffari,1455538,ghaffarirafie,flight_position
2025/07/06,03:46,Minu,Ghaffari,1455538,ghaffarirafie,currency_payment
2025/07/06,17:07,Sara,,7469291969,sara_golafshani,exchangerate
2025/07/06,23:25,🥑달처럼,,6870550092,Me2osa,fa
2025/07/07,18:53,zahra,,644709237,,fa
2025/07/07,18:53,zahra,,644709237,,lastsecondbutt
2025/07/07,18:55,zahra,,644709237,,country
2025/07/08,03:24,A,Y,5618033832,ilamua,fa
2025/07/08,03:24,A,Y,5618033832,ilamua,lastsecondbutt
2025/07/08,03:25,A,Y,5618033832,ilamua,lastsecondbutt
2025/07/08,03:25,A,Y,5618033832,ilamua,country
2025/07/09,16:01,Pani🥰,,1009712659,pani_1313,de
2025/07/09,16:01,Sara,,7469291969,sara_golafshani,en
2025/07/09,16:01,Sara,,7469291969,sara_golafshani,en
2025/07/09,16:01,Sara,,7469291969,sara_golafshani,en
2025/07/11,16:55,Farzin,Irandoost,7257293202,Irandoostlorestani,fa
2025/07/11,16:55,Farzin,Irandoost,7257293202,Irandoostlorestani,lastsecondbutt
2025/07/11,21:09,Kiarash,MORADI,6404508214,,fa
2025/07/11,21:10,Kiarash,MORADI,6404508214,,country
2025/07/14,01:38,Annie,Az,6462270453,,en
2025/07/14,10:56,m.k,,102757404,Marym_k,en
2025/07/18,21:00,Mr.M,,5502588369,Mohandis7486,en
2025/07/18,21:00,Mr.M,,5502588369,Mohandis7486,choose_airport
2025/07/18,21:00,Mr.M,,5502588369,Mohandis7486,airport_IKA
2025/07/18,21:00,Mr.M,,5502588369,Mohandis7486,airport_AMS
2025/07/18,21:01,Mr.M,,5502588369,Mohandis7486,airport_FRA
2025/07/18,21:01,Mr.M,,5502588369,Mohandis7486,airport_DXB
2025/07/18,21:01,Mr.M,,5502588369,Mohandis7486,airport_DOH
2025/07/18,21:01,Mr.M,,5502588369,Mohandis7486,airport_MAD
2025/07/20,23:36,Sadeq,,2136166421,Sa14002m,fa
2025/07/25,12:13,Asal,,101020642,Asal61,en
2025/07/26,17:55,Saman,Jamshidi,797672340,Samanjamshidi,en
2025/07/26,17:55,Saman,Jamshidi,797672340,Samanjamshidi,country
2025/07/29,12:06,Mr.M,,5502588369,Mohandis7486,airport_DOH
2025/07/31,13:58,Abolfazl,Rezaie,106056586,abolfazl_rezaiee,en
2025/07/31,20:43,fateme,Sadat,1053080747,Hlfm1366,en
2025/08/03,07:15,Shide,,60751746,Shide_ebrahimi,en
2025/08/03,07:15,Shide,,60751746,Shide_ebrahimi,aboutus
2025/08/06,06:09,F,S,122311124,F_Ange,en
2025/08/07,15:25,Mahdie,,83217355,mmlind00,en
2025/08/08,08:34,Sara,,7469291969,sara_golafshani,country
2025/08/09,18:39,Esi.ab.,..,5439156505,Uk_far_btrd,flight_position
2025/08/09,18:39,Esi.ab.,..,5439156505,Uk_far_btrd,lastsecondbutt
2025/08/17,07:03,سید,,7700907224,WWWourbitcom,fa
2025/08/17,07:04,سید,,7700907224,WWWourbitcom,lastsecondbutt
2025/08/22,00:37,Abolfazl,Rezaie,106056586,abolfazl_rezaiee,fa
2025/08/22,00:37,Abolfazl,Rezaie,106056586,abolfazl_rezaiee,choose_airport
2025/08/22,00:37,Abolfazl,Rezaie,106056586,abolfazl_rezaiee,airport_AMS
2025/08/22,00:37,Abolfazl,Rezaie,106056586,abolfazl_rezaiee,back_btn
2025/08/22,00:37,Abolfazl,Rezaie,106056586,abolfazl_rezaiee,lastsecondbutt
2025/08/22,00:38,Abolfazl,Rezaie,106056586,abolfazl_rezaiee,back_btn
2025/08/22,00:38,Abolfazl,Rezaie,106056586,abolfazl_rezaiee,wikibutton
2025/08/22,00:38,Abolfazl,Rezaie,106056586,abolfazl_rezaiee,forbiddenflightrules
2025/08/22,00:50,Abolfazl,Rezaie,106056586,abolfazl_rezaiee,fa
2025/08/22,00:50,Abolfazl,Rezaie,106056586,abolfazl_rezaiee,wikibutton
2025/08/22,01:52,Abolfazl,Rezaie,106056586,abolfazl_rezaiee,fa
2025/08/22,01:52,Abolfazl,Rezaie,106056586,abolfazl_rezaiee,country
2025/08/22,01:52,Abolfazl,Rezaie,106056586,abolfazl_rezaiee,back_btn
2025/08/22,01:52,Abolfazl,Rezaie,106056586,abolfazl_rezaiee,lastsecondbutt
2025/08/22,02:01,Abolfazl,Rezaie,106056586,abolfazl_rezaiee,fa
2025/08/22,02:01,Abolfazl,Rezaie,106056586,abolfazl_rezaiee,currency_payment
2025/08/22,02:01,Abolfazl,Rezaie,106056586,abolfazl_rezaiee,wikibutton
2025/08/22,02:01,Abolfazl,Rezaie,106056586,abolfazl_rezaiee,choose_airport
2025/08/22,02:01,Abolfazl,Rezaie,106056586,abolfazl_rezaiee,airport_MUC
2025/08/22,02:15,Abolfazl,Rezaie,106056586,abolfazl_rezaiee,set_lang_en
2025/08/22,02:15,Abolfazl,Rezaie,106056586,abolfazl_rezaiee,en
2025/08/22,09:36,Abolfazl,Rezaie,106056586,abolfazl_rezaiee,fa
2025/08/22,09:36,Abolfazl,Rezaie,106056586,abolfazl_rezaiee,flight_position
2025/08/22,09:36,Abolfazl,Rezaie,106056586,abolfazl_rezaiee,choose_airport
2025/08/22,09:40,Abolfazl,Rezaie,106056586,abolfazl_rezaiee,fa
2025/08/22,09:40,Abolfazl,Rezaie,106056586,abolfazl_rezaiee,choose_airport
2025/08/22,09:40,Abolfazl,Rezaie,106056586,abolfazl_rezaiee,back_btn
2025/08/22,09:41,Abolfazl,Rezaie,106056586,abolfazl_rezaiee,flight_position
2025/08/22,09:43,Abolfazl,Rezaie,106056586,abolfazl_rezaiee,fa
2025/08/22,09:43,Abolfazl,Rezaie,106056586,abolfazl_rezaiee,onlineticket
2025/08/22,09:48,Abolfazl,Rezaie,106056586,abolfazl_rezaiee,country
